{"cameraMode":{"drawMode":0,"name":"Shaded","section":"Shading Mode"},"sceneLighting":true,"audioPlay":false,"sceneViewState":{"showFog":true,"showMaterialUpdate":false,"showSkybox":true,"showFlares":true,"showImageEffects":true,"showParticleSystems":true},"in2DMode":false,"pivot":{"x":663.2000122070313,"y":81.69999694824219,"z":923.0},"rotation":{"x":-0.35747259855270388,"y":-0.2619122266769409,"z":0.10547253489494324,"w":-0.8902913331985474},"size":10.691875457763672,"orthographic":false}