{"cameraMode":{"drawMode":0,"name":"Shaded","section":"Shading Mode"},"sceneLighting":true,"audioPlay":false,"sceneViewState":{"showFog":true,"showMaterialUpdate":false,"showSkybox":true,"showFlares":true,"showImageEffects":true,"showParticleSystems":true},"in2DMode":false,"pivot":{"x":610.140380859375,"y":29.403236389160158,"z":632.10693359375},"rotation":{"x":-0.11611119657754898,"y":0.431326687335968,"z":-0.05612218379974365,"w":-0.8930338025093079},"size":1.3403522968292237,"orthographic":false}