{"cameraMode":{"drawMode":0,"name":"Shaded","section":"Shading Mode"},"sceneLighting":true,"audioPlay":false,"sceneViewState":{"showFog":true,"showMaterialUpdate":false,"showSkybox":true,"showFlares":true,"showImageEffects":true,"showParticleSystems":true},"in2DMode":false,"pivot":{"x":638.6029052734375,"y":36.275413513183597,"z":962.8439331054688},"rotation":{"x":-0.08957662433385849,"y":0.8974974751472473,"z":-0.21326510608196259,"w":-0.3758715093135834},"size":17.49093246459961,"orthographic":false}