{"cameraMode":{"drawMode":0,"name":"Shaded","section":"Shading Mode"},"sceneLighting":true,"audioPlay":false,"sceneViewState":{"showFog":true,"showMaterialUpdate":false,"showSkybox":true,"showFlares":true,"showImageEffects":true,"showParticleSystems":true},"in2DMode":false,"pivot":{"x":1569.010009765625,"y":12.952740669250489,"z":1181.9810791015625},"rotation":{"x":0.3491191565990448,"y":0.14065906405448914,"z":-0.05333986505866051,"w":0.9251067042350769},"size":56.59231185913086,"orthographic":false}