{"cameraMode":{"drawMode":0,"name":"Shaded","section":"Shading Mode"},"sceneLighting":true,"audioPlay":false,"sceneViewState":{"showFog":true,"showMaterialUpdate":false,"showSkybox":true,"showFlares":true,"showImageEffects":true,"showParticleSystems":true},"in2DMode":false,"pivot":{"x":1035.20458984375,"y":-1.780242919921875,"z":826.8097534179688},"rotation":{"x":-0.5521970391273499,"y":-0.18479549884796143,"z":0.12713807821273805,"w":-0.8030227422714233},"size":1290.797607421875,"orthographic":false}