{"cameraMode":{"drawMode":0,"name":"Shaded","section":"Shading Mode"},"sceneLighting":true,"audioPlay":false,"sceneViewState":{"showFog":true,"showMaterialUpdate":false,"showSkybox":true,"showFlares":true,"showImageEffects":true,"showParticleSystems":true},"in2DMode":false,"pivot":{"x":856.3951416015625,"y":40.83019256591797,"z":762.677734375},"rotation":{"x":0.11209753155708313,"y":-0.3660922050476074,"z":0.04450133815407753,"w":0.9227848649024963},"size":54.54177474975586,"orthographic":false}