{"cameraMode":{"drawMode":0,"name":"Shaded","section":"Shading Mode"},"sceneLighting":true,"audioPlay":false,"sceneViewState":{"showFog":true,"showMaterialUpdate":false,"showSkybox":true,"showFlares":true,"showImageEffects":true,"showParticleSystems":true},"in2DMode":false,"pivot":{"x":14.899999618530274,"y":0.0,"z":15.09000015258789},"rotation":{"x":0.30356818437576296,"y":0.15768487751483918,"z":-0.05103009566664696,"w":0.9383179545402527},"size":3.3511672019958498,"orthographic":false}