{"cameraMode":{"drawMode":0,"name":"Shaded","section":"Shading Mode"},"sceneLighting":true,"audioPlay":false,"sceneViewState":{"showFog":true,"showMaterialUpdate":false,"showSkybox":true,"showFlares":true,"showImageEffects":true,"showParticleSystems":true},"in2DMode":false,"pivot":{"x":1422.5330810546875,"y":-216.0477294921875,"z":891.4928588867188},"rotation":{"x":0.368071049451828,"y":0.14554929733276368,"z":-0.058458421379327777,"w":0.9164786338806152},"size":2506.759521484375,"orthographic":false}