{"cameraMode":{"drawMode":0,"name":"Shaded","section":"Shading Mode"},"sceneLighting":true,"audioPlay":false,"sceneViewState":{"showFog":true,"showMaterialUpdate":false,"showSkybox":true,"showFlares":true,"showImageEffects":true,"showParticleSystems":true},"in2DMode":false,"pivot":{"x":1546.27099609375,"y":12.32699966430664,"z":1096.9281005859375},"rotation":{"x":0.09780759364366532,"y":-0.09895095974206925,"z":0.009341401048004628,"w":0.9904072880744934},"size":6.47214937210083,"orthographic":false}