{"cameraMode":{"drawMode":0,"name":"Shaded","section":"Shading Mode"},"sceneLighting":true,"audioPlay":false,"sceneViewState":{"showFog":true,"showMaterialUpdate":false,"showSkybox":true,"showFlares":true,"showImageEffects":true,"showParticleSystems":true},"in2DMode":false,"pivot":{"x":1489.9991455078125,"y":1483.9990234375,"z":994.9993286132813},"rotation":{"x":-0.3614693284034729,"y":-0.016230035573244096,"z":0.006293455604463816,"w":-0.9322327375411987},"size":3116.645263671875,"orthographic":false}