{"cameraMode":{"drawMode":0,"name":"Shaded","section":"Shading Mode"},"sceneLighting":true,"audioPlay":false,"sceneViewState":{"showFog":true,"showMaterialUpdate":false,"showSkybox":true,"showFlares":true,"showImageEffects":true,"showParticleSystems":true},"in2DMode":false,"pivot":{"x":663.2000122070313,"y":41.022743225097659,"z":956.1588134765625},"rotation":{"x":-0.22532311081886292,"y":-0.6468719840049744,"z":0.2089432179927826,"w":-0.6980939507484436},"size":38.4636116027832,"orthographic":false}