{"cameraMode":{"drawMode":0,"name":"Shaded","section":"Shading Mode"},"sceneLighting":true,"audioPlay":false,"sceneViewState":{"showFog":true,"showMaterialUpdate":false,"showSkybox":true,"showFlares":true,"showImageEffects":true,"showParticleSystems":true},"in2DMode":false,"pivot":{"x":1132.1500244140625,"y":585.8499755859375,"z":0.0},"rotation":{"x":-0.2829006314277649,"y":0.003434077138081193,"z":-0.0010645230067893863,"w":-0.9591749906539917},"size":2631.56103515625,"orthographic":false}