{"cameraMode":{"drawMode":0,"name":"Shaded","section":"Shading Mode"},"sceneLighting":true,"audioPlay":false,"sceneViewState":{"showFog":true,"showMaterialUpdate":false,"showSkybox":true,"showFlares":true,"showImageEffects":true,"showParticleSystems":true},"in2DMode":false,"pivot":{"x":-1.2701873779296876,"y":6.218380928039551,"z":-0.3038444519042969},"rotation":{"x":0.1733209639787674,"y":-0.03514431044459343,"z":0.006178922485560179,"w":0.9842342734336853},"size":90.46683502197266,"orthographic":false}