{"cameraMode":{"drawMode":0,"name":"Shaded","section":"Shading Mode"},"sceneLighting":true,"audioPlay":false,"sceneViewState":{"showFog":true,"showMaterialUpdate":false,"showSkybox":true,"showFlares":true,"showImageEffects":true,"showParticleSystems":true},"in2DMode":false,"pivot":{"x":663.2000122070313,"y":41.040000915527347,"z":956.1588134765625},"rotation":{"x":0.24759116768836976,"y":-0.5229330658912659,"z":0.16194339096546174,"w":0.7995177507400513},"size":6.327590465545654,"orthographic":false}