{"cameraMode":{"drawMode":0,"name":"Shaded","section":"Shading Mode"},"sceneLighting":true,"audioPlay":false,"sceneViewState":{"showFog":true,"showMaterialUpdate":false,"showSkybox":true,"showFlares":true,"showImageEffects":true,"showParticleSystems":true},"in2DMode":false,"pivot":{"x":1030.7589111328125,"y":19.10411834716797,"z":868.3430786132813},"rotation":{"x":-0.32386383414268496,"y":-0.14482611417770387,"z":0.05030388757586479,"w":-0.9336608648300171},"size":264.124755859375,"orthographic":false}