{"cameraMode":{"drawMode":0,"name":"Shaded","section":"Shading Mode"},"sceneLighting":true,"audioPlay":false,"sceneViewState":{"showFog":true,"showMaterialUpdate":false,"showSkybox":true,"showFlares":true,"showImageEffects":true,"showParticleSystems":true},"in2DMode":false,"pivot":{"x":983.2576904296875,"y":16.889055252075197,"z":904.630615234375},"rotation":{"x":-0.02334890328347683,"y":0.9743145108222961,"z":-0.19269856810569764,"w":-0.11570271104574204},"size":17.581281661987306,"orthographic":false}