{"cameraMode":{"drawMode":0,"name":"Shaded","section":"Shading Mode"},"sceneLighting":true,"audioPlay":false,"sceneViewState":{"showFog":true,"showMaterialUpdate":false,"showSkybox":true,"showFlares":true,"showImageEffects":true,"showParticleSystems":true},"in2DMode":false,"pivot":{"x":721.74365234375,"y":34.5155143737793,"z":1201.4273681640625},"rotation":{"x":-0.29751893877983096,"y":0.16559866070747376,"z":-0.05245349928736687,"w":-0.9387973546981812},"size":1378.6512451171875,"orthographic":false}