{"cameraMode":{"drawMode":0,"name":"Shaded","section":"Shading Mode"},"sceneLighting":true,"audioPlay":false,"sceneViewState":{"showFog":true,"showMaterialUpdate":false,"showSkybox":true,"showFlares":true,"showImageEffects":true,"showParticleSystems":true},"in2DMode":false,"pivot":{"x":63.73051071166992,"y":-785.2914428710938,"z":954.5178833007813},"rotation":{"x":0.34818652272224429,"y":-0.08923357725143433,"z":0.033266015350818637,"w":0.9326254725456238},"size":1580.2491455078125,"orthographic":false}