{"cameraMode":{"drawMode":0,"name":"Shaded","section":"Shading Mode"},"sceneLighting":true,"audioPlay":false,"sceneViewState":{"showFog":true,"showMaterialUpdate":false,"showSkybox":true,"showFlares":true,"showImageEffects":true,"showParticleSystems":true},"in2DMode":false,"pivot":{"x":456.3598937988281,"y":-12.874397277832032,"z":497.68389892578127},"rotation":{"x":-0.07682158797979355,"y":0.9211389422416687,"z":-0.2360001802444458,"w":-0.29984596371650698},"size":338.08758544921877,"orthographic":false}