{"cameraMode":{"drawMode":0,"name":"Shaded","section":"Shading Mode"},"sceneLighting":false,"audioPlay":false,"sceneViewState":{"showFog":true,"showMaterialUpdate":false,"showSkybox":true,"showFlares":true,"showImageEffects":true,"showParticleSystems":true},"in2DMode":false,"pivot":{"x":2267.561279296875,"y":-3.598876953125,"z":437.72119140625},"rotation":{"x":-0.4238828420639038,"y":-0.32206830382347109,"z":0.16431696712970735,"w":-0.8305220007896423},"size":1285.8511962890625,"orthographic":false}